,Date,QuantityEOD,QuantitySOD,Price,Lat,Long,ProductId,QuantityBuy,QuantityEchelone,QuantityEcheloneLibelle
0,01-01-2018,62,200,1.7100000000000002,0,0,1,138,2,Moyen
1,02-01-2018,68,200,1.9140000000000001,0,0,1,132,2,Moyen
2,03-01-2018,38,200,1.896,0,0,1,162,1,Bas
3,04-01-2018,58,200,1.9860000000000002,0,0,1,142,2,Moyen
4,05-01-2018,40,200,1.9260000000000002,0,0,1,160,1,Bas
5,06-01-2018,30,200,1.98,0,0,1,170,1,Bas
6,07-01-2018,50,200,2.0100000000000002,0,0,1,150,2,Moyen
7,08-01-2018,67,200,1.9500000000000002,0,0,1,133,2,Moyen
8,09-01-2018,43,200,1.899,0,0,1,157,1,Bas
9,10-01-2018,56,200,1.971,0,0,1,144,2,Moyen
10,11-01-2018,54,200,1.932,0,0,1,146,2,Moyen
11,12-01-2018,70,200,1.9380000000000002,0,0,1,130,2,Moyen
12,13-01-2018,36,200,1.8900000000000001,0,0,1,164,1,Bas
13,14-01-2018,70,200,1.9919999999999998,0,0,1,130,2,Moyen
14,15-01-2018,47,200,1.8900000000000001,0,0,1,153,1,Bas
15,16-01-2018,56,200,1.959,0,0,1,144,2,Moyen
16,17-01-2018,57,200,1.932,0,0,1,143,2,Moyen
17,18-01-2018,53,200,1.929,0,0,1,147,2,Moyen
18,19-01-2018,60,200,1.941,0,0,1,140,2,Moyen
19,20-01-2018,34,200,1.92,0,0,1,166,1,Bas
20,21-01-2018,48,200,1.9980000000000002,0,0,1,152,1,Bas
21,22-01-2018,51,200,1.956,0,0,1,149,2,Moyen
22,23-01-2018,53,200,1.947,0,0,1,147,2,Moyen
23,24-01-2018,32,200,1.941,0,0,1,168,1,Bas
24,25-01-2018,48,200,2.004,0,0,1,152,1,Bas
25,26-01-2018,46,200,1.956,0,0,1,154,1,Bas
26,27-01-2018,36,200,1.9620000000000002,0,0,1,164,1,Bas
27,28-01-2018,67,200,1.9919999999999998,0,0,1,133,2,Moyen
28,29-01-2018,50,200,1.899,0,0,1,150,2,Moyen
29,30-01-2018,55,200,1.9500000000000002,0,0,1,145,2,Moyen
30,31-01-2018,59,200,1.935,0,0,1,141,2,Moyen
31,01-02-2018,62,200,1.923,0,0,1,138,2,Moyen
32,02-02-2018,47,200,1.9140000000000001,0,0,1,153,1,Bas
33,03-02-2018,31,200,1.959,0,0,1,169,1,Bas
34,04-02-2018,70,200,2.007,0,0,1,130,2,Moyen
35,05-02-2018,53,200,1.8900000000000001,0,0,1,147,2,Moyen
36,06-02-2018,58,200,1.941,0,0,1,142,2,Moyen
37,07-02-2018,40,200,1.9260000000000002,0,0,1,160,1,Bas
38,08-02-2018,52,200,1.98,0,0,1,148,2,Moyen
39,09-02-2018,52,200,1.944,0,0,1,148,2,Moyen
40,10-02-2018,15,200,1.944,0,0,1,185,0,Tres bas
41,11-02-2018,43,200,2.055,0,0,1,157,1,Bas
42,12-02-2018,43,200,1.971,0,0,1,157,1,Bas
43,13-02-2018,41,200,1.971,0,0,1,159,1,Bas
44,14-02-2018,56,200,1.977,0,0,1,144,2,Moyen
45,15-02-2018,69,200,1.932,0,0,1,131,2,Moyen
46,16-02-2018,55,200,1.893,0,0,1,145,2,Moyen
47,17-02-2018,35,200,1.935,0,0,1,165,1,Bas
48,18-02-2018,44,200,1.995,0,0,1,156,1,Bas
49,19-02-2018,65,200,1.968,0,0,1,135,2,Moyen
50,20-02-2018,61,200,1.905,0,0,1,139,2,Moyen
51,21-02-2018,51,200,1.917,0,0,1,149,2,Moyen
52,22-02-2018,46,200,1.947,0,0,1,154,1,Bas
53,23-02-2018,61,200,1.9620000000000002,0,0,1,139,2,Moyen
54,24-02-2018,30,200,1.917,0,0,1,170,1,Bas
55,25-02-2018,40,200,2.0100000000000002,0,0,1,160,1,Bas
56,26-02-2018,69,200,1.98,0,0,1,131,2,Moyen
57,27-02-2018,68,200,1.893,0,0,1,132,2,Moyen
58,28-02-2018,60,200,1.896,0,0,1,140,2,Moyen
59,01-03-2018,57,200,1.92,0,0,1,143,2,Moyen
60,02-03-2018,50,200,1.929,0,0,1,150,2,Moyen
61,03-03-2018,27,200,1.9500000000000002,0,0,1,173,1,Bas
62,04-03-2018,64,200,2.019,0,0,1,136,2,Moyen
63,05-03-2018,45,200,1.908,0,0,1,155,1,Bas
64,06-03-2018,41,200,1.965,0,0,1,159,1,Bas
65,07-03-2018,43,200,1.977,0,0,1,157,1,Bas
66,08-03-2018,49,200,1.971,0,0,1,151,1,Bas
67,09-03-2018,62,200,1.953,0,0,1,138,2,Moyen
68,10-03-2018,23,200,1.9140000000000001,0,0,1,177,0,Tres bas
69,11-03-2018,69,200,2.031,0,0,1,131,2,Moyen
70,12-03-2018,41,200,1.893,0,0,1,159,1,Bas
71,13-03-2018,45,200,1.977,0,0,1,155,1,Bas
72,14-03-2018,43,200,1.965,0,0,1,157,1,Bas
73,15-03-2018,58,200,1.971,0,0,1,142,2,Moyen
74,16-03-2018,69,200,1.9260000000000002,0,0,1,131,2,Moyen
75,17-03-2018,18,200,1.893,0,0,1,182,0,Tres bas
76,18-03-2018,46,200,2.046,0,0,1,154,1,Bas
77,19-03-2018,52,200,1.9620000000000002,0,0,1,148,2,Moyen
78,20-03-2018,45,200,1.944,0,0,1,155,1,Bas
79,21-03-2018,50,200,1.965,0,0,1,150,2,Moyen
80,22-03-2018,40,200,1.9500000000000002,0,0,1,160,1,Bas
81,23-03-2018,47,200,1.98,0,0,1,153,1,Bas
82,24-03-2018,39,200,1.959,0,0,1,161,1,Bas
83,25-03-2018,51,200,1.983,0,0,1,149,2,Moyen
84,26-03-2018,70,200,1.947,0,0,1,130,2,Moyen
85,27-03-2018,62,200,1.8900000000000001,0,0,1,138,2,Moyen
86,28-03-2018,33,200,1.9140000000000001,0,0,1,167,1,Bas
87,29-03-2018,63,200,2.0010000000000003,0,0,1,137,2,Moyen
88,30-03-2018,47,200,1.911,0,0,1,153,1,Bas
89,31-03-2018,21,200,1.959,0,0,1,179,0,Tres bas
90,01-04-2018,52,200,2.037,0,0,1,148,2,Moyen
91,02-04-2018,55,200,1.944,0,0,1,145,2,Moyen
92,03-04-2018,54,200,1.935,0,0,1,146,2,Moyen
93,04-04-2018,41,200,1.9380000000000002,0,0,1,159,1,Bas
94,05-04-2018,68,200,1.977,0,0,1,132,2,Moyen
95,06-04-2018,49,200,1.896,0,0,1,151,1,Bas
96,07-04-2018,27,200,1.953,0,0,1,173,1,Bas
97,08-04-2018,41,200,2.019,0,0,1,159,1,Bas
98,09-04-2018,50,200,1.977,0,0,1,150,2,Moyen
99,10-04-2018,69,200,1.9500000000000002,0,0,1,131,2,Moyen
100,11-04-2018,49,200,1.893,0,0,1,151,1,Bas
101,12-04-2018,42,200,1.953,0,0,1,158,1,Bas
102,13-04-2018,46,200,1.9740000000000002,0,0,1,154,1,Bas
103,14-04-2018,11,200,1.9620000000000002,0,0,1,189,0,Tres bas
104,15-04-2018,41,200,2.0669999999999997,0,0,1,159,1,Bas
105,16-04-2018,41,200,1.977,0,0,1,159,1,Bas
106,17-04-2018,70,200,1.977,0,0,1,130,2,Moyen
107,18-04-2018,56,200,1.8900000000000001,0,0,1,144,2,Moyen
108,19-04-2018,48,200,1.932,0,0,1,152,1,Bas
109,20-04-2018,55,200,1.956,0,0,1,145,2,Moyen
110,21-04-2018,18,200,1.935,0,0,1,182,0,Tres bas
111,22-04-2018,56,200,2.046,0,0,1,144,2,Moyen
112,23-04-2018,50,200,1.932,0,0,1,150,2,Moyen
113,24-04-2018,51,200,1.9500000000000002,0,0,1,149,2,Moyen
114,25-04-2018,55,200,1.947,0,0,1,145,2,Moyen
115,26-04-2018,55,200,1.935,0,0,1,145,2,Moyen
116,27-04-2018,50,200,1.935,0,0,1,150,2,Moyen
117,28-04-2018,12,200,1.9500000000000002,0,0,1,188,0,Tres bas
118,29-04-2018,46,200,2.064,0,0,1,154,1,Bas
119,30-04-2018,41,200,1.9620000000000002,0,0,1,159,1,Bas
120,01-05-2018,67,200,1.977,0,0,1,133,2,Moyen
121,02-05-2018,37,200,1.899,0,0,1,163,1,Bas
122,03-05-2018,50,200,1.989,0,0,1,150,2,Moyen
123,04-05-2018,40,200,1.9500000000000002,0,0,1,160,1,Bas
124,05-05-2018,22,200,1.98,0,0,1,178,0,Tres bas
125,06-05-2018,43,200,2.0340000000000003,0,0,1,157,1,Bas
126,07-05-2018,49,200,1.971,0,0,1,151,1,Bas
127,08-05-2018,43,200,1.953,0,0,1,157,1,Bas
128,09-05-2018,45,200,1.971,0,0,1,155,1,Bas
129,10-05-2018,60,200,1.965,0,0,1,140,2,Moyen
130,11-05-2018,44,200,1.92,0,0,1,156,1,Bas
131,12-05-2018,27,200,1.968,0,0,1,173,1,Bas
132,13-05-2018,53,200,2.019,0,0,1,147,2,Moyen
133,14-05-2018,44,200,1.941,0,0,1,156,1,Bas
134,15-05-2018,52,200,1.968,0,0,1,148,2,Moyen
135,16-05-2018,38,200,1.944,0,0,1,162,1,Bas
136,17-05-2018,47,200,1.9860000000000002,0,0,1,153,1,Bas
137,18-05-2018,69,200,1.959,0,0,1,131,2,Moyen
138,19-05-2018,39,200,1.893,0,0,1,161,1,Bas
139,20-05-2018,60,200,1.983,0,0,1,140,2,Moyen
140,21-05-2018,42,200,1.92,0,0,1,158,1,Bas
141,22-05-2018,47,200,1.9740000000000002,0,0,1,153,1,Bas
142,23-05-2018,45,200,1.959,0,0,1,155,1,Bas
143,24-05-2018,45,200,1.965,0,0,1,155,1,Bas
144,25-05-2018,68,200,1.965,0,0,1,132,2,Moyen
145,26-05-2018,12,200,1.896,0,0,1,188,0,Tres bas
146,27-05-2018,69,200,2.064,0,0,1,131,2,Moyen
147,28-05-2018,40,200,1.893,0,0,1,160,1,Bas
148,29-05-2018,67,200,1.98,0,0,1,133,2,Moyen
149,30-05-2018,51,200,1.899,0,0,1,149,2,Moyen
150,31-05-2018,43,200,1.947,0,0,1,157,1,Bas
151,01-06-2018,53,200,1.971,0,0,1,147,2,Moyen
152,02-06-2018,38,200,1.941,0,0,1,162,1,Bas
153,03-06-2018,41,200,1.9860000000000002,0,0,1,159,1,Bas
154,04-06-2018,59,200,1.977,0,0,1,141,2,Moyen
155,05-06-2018,69,200,1.923,0,0,1,131,2,Moyen
156,06-06-2018,32,200,1.893,0,0,1,168,1,Bas
157,07-06-2018,42,200,2.004,0,0,1,158,1,Bas
158,08-06-2018,44,200,1.9740000000000002,0,0,1,156,1,Bas
159,09-06-2018,35,200,1.968,0,0,1,165,1,Bas
160,10-06-2018,69,200,1.995,0,0,1,131,2,Moyen
161,11-06-2018,46,200,1.893,0,0,1,154,1,Bas
162,12-06-2018,58,200,1.9620000000000002,0,0,1,142,2,Moyen
163,13-06-2018,53,200,1.9260000000000002,0,0,1,147,2,Moyen
164,14-06-2018,46,200,1.941,0,0,1,154,1,Bas
165,15-06-2018,59,200,1.9620000000000002,0,0,1,141,2,Moyen
166,16-06-2018,10,200,1.923,0,0,1,190,0,Tres bas
167,17-06-2018,53,200,2.07,0,0,1,147,2,Moyen
168,18-06-2018,55,200,1.941,0,0,1,145,2,Moyen
169,19-06-2018,68,200,1.935,0,0,1,132,2,Moyen
170,20-06-2018,31,200,1.896,0,0,1,169,1,Bas
171,21-06-2018,52,200,2.007,0,0,1,148,2,Moyen
172,22-06-2018,69,200,1.944,0,0,1,131,2,Moyen
173,23-06-2018,23,200,1.893,0,0,1,177,0,Tres bas
174,24-06-2018,59,200,2.031,0,0,1,141,2,Moyen
175,25-06-2018,70,200,1.923,0,0,1,130,2,Moyen
176,26-06-2018,51,200,1.8900000000000001,0,0,1,149,2,Moyen
177,27-06-2018,51,200,1.947,0,0,1,149,2,Moyen
178,28-06-2018,62,200,1.947,0,0,1,138,2,Moyen
179,29-06-2018,41,200,1.9140000000000001,0,0,1,159,1,Bas
180,30-06-2018,37,200,1.977,0,0,1,163,1,Bas
181,01-07-2018,56,200,1.989,0,0,1,144,2,Moyen
182,02-07-2018,68,200,1.932,0,0,1,132,2,Moyen
183,03-07-2018,55,200,1.896,0,0,1,145,2,Moyen
184,04-07-2018,53,200,1.935,0,0,1,147,2,Moyen
185,05-07-2018,46,200,1.941,0,0,1,154,1,Bas
186,06-07-2018,58,200,1.9620000000000002,0,0,1,142,2,Moyen
187,07-07-2018,38,200,1.9260000000000002,0,0,1,162,1,Bas
188,08-07-2018,40,200,1.9860000000000002,0,0,1,160,1,Bas
189,09-07-2018,42,200,1.98,0,0,1,158,1,Bas
190,10-07-2018,64,200,1.9740000000000002,0,0,1,136,2,Moyen
191,11-07-2018,30,200,1.908,0,0,1,170,1,Bas
192,12-07-2018,60,200,2.0100000000000002,0,0,1,140,2,Moyen
193,13-07-2018,40,200,1.92,0,0,1,160,1,Bas
194,14-07-2018,11,200,1.98,0,0,1,189,0,Tres bas
195,15-07-2018,42,200,2.0669999999999997,0,0,1,158,1,Bas
196,16-07-2018,40,200,1.9740000000000002,0,0,1,160,1,Bas
197,17-07-2018,70,200,1.98,0,0,1,130,2,Moyen
198,18-07-2018,53,200,1.8900000000000001,0,0,1,147,2,Moyen
199,19-07-2018,62,200,1.941,0,0,1,138,2,Moyen
200,20-07-2018,48,200,1.9140000000000001,0,0,1,152,1,Bas
201,21-07-2018,11,200,1.956,0,0,1,189,0,Tres bas
202,22-07-2018,68,200,2.0669999999999997,0,0,1,132,2,Moyen
203,23-07-2018,61,200,1.896,0,0,1,139,2,Moyen
204,24-07-2018,63,200,1.917,0,0,1,137,2,Moyen
205,25-07-2018,50,200,1.911,0,0,1,150,2,Moyen
206,26-07-2018,56,200,1.9500000000000002,0,0,1,144,2,Moyen
207,27-07-2018,67,200,1.932,0,0,1,133,2,Moyen
208,28-07-2018,27,200,1.899,0,0,1,173,1,Bas
209,29-07-2018,41,200,2.019,0,0,1,159,1,Bas
210,30-07-2018,52,200,1.977,0,0,1,148,2,Moyen
211,31-07-2018,47,200,1.944,0,0,1,153,1,Bas
212,01-08-2018,47,200,1.959,0,0,1,153,1,Bas
213,02-08-2018,50,200,1.959,0,0,1,150,2,Moyen
214,03-08-2018,57,200,1.9500000000000002,0,0,1,143,2,Moyen
215,04-08-2018,40,200,1.929,0,0,1,160,1,Bas
216,05-08-2018,47,200,1.98,0,0,1,153,1,Bas
217,06-08-2018,51,200,1.959,0,0,1,149,2,Moyen
218,07-08-2018,53,200,1.947,0,0,1,147,2,Moyen
219,08-08-2018,52,200,1.941,0,0,1,148,2,Moyen
220,09-08-2018,55,200,1.944,0,0,1,145,2,Moyen
221,10-08-2018,52,200,1.935,0,0,1,148,2,Moyen
222,11-08-2018,23,200,1.944,0,0,1,177,0,Tres bas
223,12-08-2018,55,200,2.031,0,0,1,145,2,Moyen
224,13-08-2018,52,200,1.935,0,0,1,148,2,Moyen
225,14-08-2018,58,200,1.944,0,0,1,142,2,Moyen
226,15-08-2018,42,200,1.9260000000000002,0,0,1,158,1,Bas
227,16-08-2018,68,200,1.9740000000000002,0,0,1,132,2,Moyen
228,17-08-2018,70,200,1.896,0,0,1,130,2,Moyen
229,18-08-2018,23,200,1.8900000000000001,0,0,1,177,0,Tres bas
230,19-08-2018,60,200,2.031,0,0,1,140,2,Moyen
231,20-08-2018,45,200,1.92,0,0,1,155,1,Bas
232,21-08-2018,46,200,1.965,0,0,1,154,1,Bas
233,22-08-2018,49,200,1.9620000000000002,0,0,1,151,1,Bas
234,23-08-2018,51,200,1.953,0,0,1,149,2,Moyen
235,24-08-2018,64,200,1.947,0,0,1,136,2,Moyen
236,25-08-2018,35,200,1.908,0,0,1,165,1,Bas
237,26-08-2018,48,200,1.995,0,0,1,152,1,Bas
238,27-08-2018,68,200,1.956,0,0,1,132,2,Moyen
239,28-08-2018,53,200,1.896,0,0,1,147,2,Moyen
240,29-08-2018,43,200,1.941,0,0,1,157,1,Bas
241,30-08-2018,52,200,1.971,0,0,1,148,2,Moyen
242,31-08-2018,67,200,1.944,0,0,1,133,2,Moyen
243,01-09-2018,27,200,1.899,0,0,1,173,1,Bas
244,02-09-2018,59,200,2.019,0,0,1,141,2,Moyen
245,03-09-2018,69,200,1.923,0,0,1,131,2,Moyen
246,04-09-2018,40,200,1.893,0,0,1,160,1,Bas
247,05-09-2018,35,200,1.98,0,0,1,165,1,Bas
248,06-09-2018,67,200,1.995,0,0,1,133,2,Moyen
249,07-09-2018,65,200,1.899,0,0,1,135,2,Moyen
250,08-09-2018,28,200,1.905,0,0,1,172,1,Bas
251,09-09-2018,64,200,2.016,0,0,1,136,2,Moyen
252,10-09-2018,52,200,1.908,0,0,1,148,2,Moyen
253,11-09-2018,68,200,1.944,0,0,1,132,2,Moyen
254,12-09-2018,30,200,1.896,0,0,1,170,1,Bas
255,13-09-2018,48,200,2.0100000000000002,0,0,1,152,1,Bas
256,14-09-2018,44,200,1.956,0,0,1,156,1,Bas
257,15-09-2018,39,200,1.968,0,0,1,161,1,Bas
258,16-09-2018,67,200,1.983,0,0,1,133,2,Moyen
259,17-09-2018,46,200,1.899,0,0,1,154,1,Bas
260,18-09-2018,47,200,1.9620000000000002,0,0,1,153,1,Bas
261,19-09-2018,60,200,1.959,0,0,1,140,2,Moyen
262,20-09-2018,68,200,1.92,0,0,1,132,2,Moyen
263,21-09-2018,59,200,1.896,0,0,1,141,2,Moyen
264,22-09-2018,35,200,1.923,0,0,1,165,1,Bas
265,23-09-2018,56,200,1.995,0,0,1,144,2,Moyen
266,24-09-2018,44,200,1.932,0,0,1,156,1,Bas
267,25-09-2018,44,200,1.968,0,0,1,156,1,Bas
268,26-09-2018,50,200,1.968,0,0,1,150,2,Moyen
269,27-09-2018,54,200,1.9500000000000002,0,0,1,146,2,Moyen
270,28-09-2018,48,200,1.9380000000000002,0,0,1,152,1,Bas
271,29-09-2018,34,200,1.956,0,0,1,166,1,Bas
272,30-09-2018,60,200,1.9980000000000002,0,0,1,140,2,Moyen
273,01-10-2018,52,200,1.92,0,0,1,148,2,Moyen
274,02-10-2018,48,200,1.944,0,0,1,152,1,Bas
275,03-10-2018,60,200,1.956,0,0,1,140,2,Moyen
276,04-10-2018,68,200,1.92,0,0,1,132,2,Moyen
277,05-10-2018,64,200,1.896,0,0,1,136,2,Moyen
278,06-10-2018,28,200,1.908,0,0,1,172,1,Bas
279,07-10-2018,42,200,2.016,0,0,1,158,1,Bas
280,08-10-2018,49,200,1.9740000000000002,0,0,1,151,1,Bas
281,09-10-2018,69,200,1.953,0,0,1,131,2,Moyen
282,10-10-2018,49,200,1.893,0,0,1,151,1,Bas
283,11-10-2018,70,200,1.953,0,0,1,130,2,Moyen
284,12-10-2018,51,200,1.8900000000000001,0,0,1,149,2,Moyen
285,13-10-2018,34,200,1.947,0,0,1,166,1,Bas
286,14-10-2018,57,200,1.9980000000000002,0,0,1,143,2,Moyen
287,15-10-2018,54,200,1.929,0,0,1,146,2,Moyen
288,16-10-2018,67,200,1.9380000000000002,0,0,1,133,2,Moyen
289,17-10-2018,34,200,1.899,0,0,1,166,1,Bas
290,18-10-2018,46,200,1.9980000000000002,0,0,1,154,1,Bas
291,19-10-2018,50,200,1.9620000000000002,0,0,1,150,2,Moyen
292,20-10-2018,36,200,1.9500000000000002,0,0,1,164,1,Bas
293,21-10-2018,47,200,1.9919999999999998,0,0,1,153,1,Bas
294,22-10-2018,54,200,1.959,0,0,1,146,2,Moyen
295,23-10-2018,50,200,1.9380000000000002,0,0,1,150,2,Moyen
296,24-10-2018,51,200,1.9500000000000002,0,0,1,149,2,Moyen
297,25-10-2018,40,200,1.947,0,0,1,160,1,Bas
298,26-10-2018,66,200,1.98,0,0,1,134,2,Moyen
299,27-10-2018,38,200,1.9020000000000001,0,0,1,162,1,Bas
300,28-10-2018,49,200,1.9860000000000002,0,0,1,151,1,Bas
301,29-10-2018,57,200,1.953,0,0,1,143,2,Moyen
302,30-10-2018,59,200,1.929,0,0,1,141,2,Moyen
303,31-10-2018,53,200,1.923,0,0,1,147,2,Moyen
304,01-11-2018,70,200,1.941,0,0,1,130,2,Moyen
305,02-11-2018,55,200,1.8900000000000001,0,0,1,145,2,Moyen
306,03-11-2018,19,200,1.935,0,0,1,181,0,Tres bas
307,04-11-2018,58,200,2.043,0,0,1,142,2,Moyen
308,05-11-2018,66,200,1.9260000000000002,0,0,1,134,2,Moyen
309,06-11-2018,42,200,1.9020000000000001,0,0,1,158,1,Bas
310,07-11-2018,59,200,1.9740000000000002,0,0,1,141,2,Moyen
311,08-11-2018,46,200,1.923,0,0,1,154,1,Bas
312,09-11-2018,47,200,1.9620000000000002,0,0,1,153,1,Bas
313,10-11-2018,19,200,1.959,0,0,1,181,0,Tres bas
314,11-11-2018,69,200,2.043,0,0,1,131,2,Moyen
315,12-11-2018,57,200,1.893,0,0,1,143,2,Moyen
316,13-11-2018,55,200,1.929,0,0,1,145,2,Moyen
317,14-11-2018,41,200,1.935,0,0,1,159,1,Bas
318,15-11-2018,49,200,1.977,0,0,1,151,1,Bas
319,16-11-2018,64,200,1.953,0,0,1,136,2,Moyen
320,17-11-2018,35,200,1.908,0,0,1,165,1,Bas
321,18-11-2018,54,200,1.995,0,0,1,146,2,Moyen
322,19-11-2018,43,200,1.9380000000000002,0,0,1,157,1,Bas
323,20-11-2018,61,200,1.971,0,0,1,139,2,Moyen
324,21-11-2018,37,200,1.917,0,0,1,163,1,Bas
325,22-11-2018,52,200,1.989,0,0,1,148,2,Moyen
326,23-11-2018,42,200,1.944,0,0,1,158,1,Bas
327,24-11-2018,30,200,1.9740000000000002,0,0,1,170,1,Bas
328,25-11-2018,47,200,2.0100000000000002,0,0,1,153,1,Bas
329,26-11-2018,65,200,1.959,0,0,1,135,2,Moyen
330,27-11-2018,67,200,1.905,0,0,1,133,2,Moyen
331,28-11-2018,52,200,1.899,0,0,1,148,2,Moyen
332,29-11-2018,67,200,1.944,0,0,1,133,2,Moyen
333,30-11-2018,66,200,1.899,0,0,1,134,2,Moyen
334,01-12-2018,24,200,1.9020000000000001,0,0,1,176,0,Tres bas
335,02-12-2018,48,200,2.028,0,0,1,152,1,Bas
336,03-12-2018,51,200,1.956,0,0,1,149,2,Moyen
337,04-12-2018,60,200,1.947,0,0,1,140,2,Moyen
338,05-12-2018,51,200,1.92,0,0,1,149,2,Moyen
339,06-12-2018,70,200,1.947,0,0,1,130,2,Moyen
340,07-12-2018,64,200,1.8900000000000001,0,0,1,136,2,Moyen
341,08-12-2018,16,200,1.908,0,0,1,184,0,Tres bas
342,09-12-2018,45,200,2.0519999999999996,0,0,1,155,1,Bas
343,10-12-2018,50,200,1.965,0,0,1,150,2,Moyen
344,11-12-2018,61,200,1.9500000000000002,0,0,1,139,2,Moyen
345,12-12-2018,45,200,1.917,0,0,1,155,1,Bas
346,13-12-2018,51,200,1.965,0,0,1,149,2,Moyen
347,14-12-2018,61,200,1.947,0,0,1,139,2,Moyen
348,15-12-2018,22,200,1.917,0,0,1,178,0,Tres bas
349,16-12-2018,40,200,2.0340000000000003,0,0,1,160,1,Bas
350,17-12-2018,64,200,1.98,0,0,1,136,2,Moyen
351,18-12-2018,50,200,1.908,0,0,1,150,2,Moyen
352,19-12-2018,54,200,1.9500000000000002,0,0,1,146,2,Moyen
353,20-12-2018,55,200,1.9380000000000002,0,0,1,145,2,Moyen
354,21-12-2018,51,200,1.935,0,0,1,149,2,Moyen
355,22-12-2018,33,200,1.947,0,0,1,167,1,Bas
356,23-12-2018,40,200,2.0010000000000003,0,0,1,160,1,Bas
357,24-12-2018,48,200,1.98,0,0,1,152,1,Bas
358,25-12-2018,62,200,1.956,0,0,1,138,2,Moyen
359,26-12-2018,34,200,1.9140000000000001,0,0,1,166,1,Bas
360,27-12-2018,43,200,1.9980000000000002,0,0,1,157,1,Bas
361,28-12-2018,45,200,1.971,0,0,1,155,1,Bas
362,29-12-2018,28,200,1.965,0,0,1,172,1,Bas
363,30-12-2018,63,200,2.016,0,0,1,137,2,Moyen
364,31-12-2018,48,200,1.911,0,0,1,152,1,Bas
365,01-01-2018,44,100,5.216,0,0,2,56,1,Bas
366,02-01-2018,48,100,4.448,0,0,2,52,1,Bas
367,03-01-2018,43,100,4.416,0,0,2,57,1,Bas
368,04-01-2018,47,100,4.456,0,0,2,53,1,Bas
369,05-01-2018,40,100,4.424,0,0,2,60,1,Bas
370,06-01-2018,14,100,4.48,0,0,2,86,0,Tres bas
371,07-01-2018,57,100,4.688,0,0,2,43,2,Moyen
372,08-01-2018,56,100,4.344,0,0,2,44,2,Moyen
373,09-01-2018,56,100,4.352,0,0,2,44,2,Moyen
374,10-01-2018,37,100,4.352,0,0,2,63,1,Bas
375,11-01-2018,44,100,4.504,0,0,2,56,1,Bas
376,12-01-2018,42,100,4.448,0,0,2,58,1,Bas
377,13-01-2018,28,100,4.464,0,0,2,72,1,Bas
378,14-01-2018,56,100,4.5760000000000005,0,0,2,44,2,Moyen
379,15-01-2018,53,100,4.352,0,0,2,47,2,Moyen
380,16-01-2018,51,100,4.376,0,0,2,49,2,Moyen
381,17-01-2018,57,100,4.392,0,0,2,43,2,Moyen
382,18-01-2018,47,100,4.344,0,0,2,53,1,Bas
383,19-01-2018,60,100,4.424,0,0,2,40,2,Moyen
384,20-01-2018,13,100,4.32,0,0,2,87,0,Tres bas
385,21-01-2018,57,100,4.696,0,0,2,43,2,Moyen
386,22-01-2018,45,100,4.344,0,0,2,55,1,Bas
387,23-01-2018,42,100,4.44,0,0,2,58,1,Bas
388,24-01-2018,51,100,4.464,0,0,2,49,2,Moyen
389,25-01-2018,43,100,4.392,0,0,2,57,1,Bas
390,26-01-2018,61,100,4.456,0,0,2,39,2,Moyen
391,27-01-2018,14,100,4.312,0,0,2,86,0,Tres bas
392,28-01-2018,68,100,4.688,0,0,2,32,2,Moyen
393,29-01-2018,68,100,4.256,0,0,2,32,2,Moyen
394,30-01-2018,49,100,4.256,0,0,2,51,1,Bas
395,31-01-2018,52,100,4.408,0,0,2,48,2,Moyen
396,01-02-2018,55,100,4.384,0,0,2,45,2,Moyen
397,02-02-2018,70,100,4.36,0,0,2,30,2,Moyen
398,03-02-2018,32,100,4.24,0,0,2,68,1,Bas
399,04-02-2018,61,100,4.5440000000000005,0,0,2,39,2,Moyen
400,05-02-2018,42,100,4.312,0,0,2,58,1,Bas
401,06-02-2018,66,100,4.464,0,0,2,34,2,Moyen
402,07-02-2018,42,100,4.272,0,0,2,58,1,Bas
403,08-02-2018,61,100,4.464,0,0,2,39,2,Moyen
404,09-02-2018,60,100,4.312,0,0,2,40,2,Moyen
405,10-02-2018,37,100,4.32,0,0,2,63,1,Bas
406,11-02-2018,50,100,4.504,0,0,2,50,2,Moyen
407,12-02-2018,57,100,4.4,0,0,2,43,2,Moyen
408,13-02-2018,40,100,4.344,0,0,2,60,1,Bas
409,14-02-2018,44,100,4.48,0,0,2,56,1,Bas
410,15-02-2018,42,100,4.448,0,0,2,58,1,Bas
411,16-02-2018,53,100,4.464,0,0,2,47,2,Moyen
412,17-02-2018,34,100,4.376,0,0,2,66,1,Bas
413,18-02-2018,48,100,4.5280000000000005,0,0,2,52,1,Bas
414,19-02-2018,46,100,4.416,0,0,2,54,1,Bas
415,20-02-2018,55,100,4.432,0,0,2,45,2,Moyen
416,21-02-2018,47,100,4.36,0,0,2,53,1,Bas
417,22-02-2018,46,100,4.424,0,0,2,54,1,Bas
418,23-02-2018,59,100,4.432,0,0,2,41,2,Moyen
419,24-02-2018,13,100,4.328,0,0,2,87,0,Tres bas
420,25-02-2018,41,100,4.696,0,0,2,59,1,Bas
421,26-02-2018,59,100,4.472,0,0,2,41,2,Moyen
422,27-02-2018,42,100,4.328,0,0,2,58,1,Bas
423,28-02-2018,57,100,4.464,0,0,2,43,2,Moyen
424,01-03-2018,55,100,4.344,0,0,2,45,2,Moyen
425,02-03-2018,44,100,4.36,0,0,2,56,1,Bas
426,03-03-2018,14,100,4.448,0,0,2,86,0,Tres bas
427,04-03-2018,58,100,4.688,0,0,2,42,2,Moyen
428,05-03-2018,58,100,4.336,0,0,2,42,2,Moyen
429,06-03-2018,52,100,4.336,0,0,2,48,2,Moyen
430,07-03-2018,37,100,4.384,0,0,2,63,1,Bas
431,08-03-2018,64,100,4.504,0,0,2,36,2,Moyen
432,09-03-2018,48,100,4.288,0,0,2,52,1,Bas
433,10-03-2018,29,100,4.416,0,0,2,71,1,Bas
434,11-03-2018,52,100,4.568,0,0,2,48,2,Moyen
435,12-03-2018,50,100,4.384,0,0,2,50,2,Moyen
436,13-03-2018,42,100,4.4,0,0,2,58,1,Bas
437,14-03-2018,40,100,4.464,0,0,2,60,1,Bas
438,15-03-2018,49,100,4.48,0,0,2,51,1,Bas
439,16-03-2018,54,100,4.408,0,0,2,46,2,Moyen
440,17-03-2018,20,100,4.368,0,0,2,80,0,Tres bas
441,18-03-2018,65,100,4.64,0,0,2,35,2,Moyen
442,19-03-2018,52,100,4.28,0,0,2,48,2,Moyen
443,20-03-2018,44,100,4.384,0,0,2,56,1,Bas
444,21-03-2018,39,100,4.448,0,0,2,61,1,Bas
445,22-03-2018,57,100,4.4879999999999995,0,0,2,43,2,Moyen
446,23-03-2018,50,100,4.344,0,0,2,50,2,Moyen
447,24-03-2018,17,100,4.4,0,0,2,83,0,Tres bas
448,25-03-2018,50,100,4.664,0,0,2,50,2,Moyen
449,26-03-2018,48,100,4.4,0,0,2,52,1,Bas
450,27-03-2018,57,100,4.416,0,0,2,43,2,Moyen
451,28-03-2018,48,100,4.344,0,0,2,52,1,Bas
452,29-03-2018,54,100,4.416,0,0,2,46,2,Moyen
453,30-03-2018,51,100,4.368,0,0,2,49,2,Moyen
454,31-03-2018,10,100,4.392,0,0,2,90,0,Tres bas
455,01-04-2018,68,100,4.72,0,0,2,32,2,Moyen
456,02-04-2018,50,100,4.256,0,0,2,50,2,Moyen
457,03-04-2018,41,100,4.4,0,0,2,59,1,Bas
458,04-04-2018,46,100,4.472,0,0,2,54,1,Bas
459,05-04-2018,60,100,4.432,0,0,2,40,2,Moyen
460,06-04-2018,49,100,4.32,0,0,2,51,1,Bas
461,07-04-2018,39,100,4.408,0,0,2,61,1,Bas
462,08-04-2018,50,100,4.4879999999999995,0,0,2,50,2,Moyen
463,09-04-2018,41,100,4.4,0,0,2,59,1,Bas
464,10-04-2018,42,100,4.472,0,0,2,58,1,Bas
465,11-04-2018,54,100,4.464,0,0,2,46,2,Moyen
466,12-04-2018,57,100,4.368,0,0,2,43,2,Moyen
467,13-04-2018,50,100,4.344,0,0,2,50,2,Moyen
468,14-04-2018,13,100,4.4,0,0,2,87,0,Tres bas
469,15-04-2018,50,100,4.696,0,0,2,50,2,Moyen
470,16-04-2018,55,100,4.4,0,0,2,45,2,Moyen
471,17-04-2018,67,100,4.36,0,0,2,33,2,Moyen
472,18-04-2018,39,100,4.264,0,0,2,61,1,Bas
473,19-04-2018,55,100,4.4879999999999995,0,0,2,45,2,Moyen
474,20-04-2018,48,100,4.36,0,0,2,52,1,Bas
475,21-04-2018,27,100,4.416,0,0,2,73,1,Bas
476,22-04-2018,59,100,4.584,0,0,2,41,2,Moyen
477,23-04-2018,65,100,4.328,0,0,2,35,2,Moyen
478,24-04-2018,49,100,4.28,0,0,2,51,1,Bas
479,25-04-2018,31,100,4.408,0,0,2,69,1,Bas
480,26-04-2018,48,100,4.552,0,0,2,52,1,Bas
481,27-04-2018,66,100,4.416,0,0,2,34,2,Moyen
482,28-04-2018,28,100,4.272,0,0,2,72,1,Bas
483,29-04-2018,64,100,4.5760000000000005,0,0,2,36,2,Moyen
484,30-04-2018,51,100,4.288,0,0,2,49,2,Moyen
485,01-05-2018,56,100,4.392,0,0,2,44,2,Moyen
486,02-05-2018,30,100,4.352,0,0,2,70,1,Bas
487,03-05-2018,59,100,4.5600000000000005,0,0,2,41,2,Moyen
488,04-05-2018,42,100,4.328,0,0,2,58,1,Bas
489,05-05-2018,10,100,4.464,0,0,2,90,0,Tres bas
490,06-05-2018,43,100,4.72,0,0,2,57,1,Bas
491,07-05-2018,56,100,4.456,0,0,2,44,2,Moyen
492,08-05-2018,43,100,4.352,0,0,2,57,1,Bas
493,09-05-2018,39,100,4.456,0,0,2,61,1,Bas
494,10-05-2018,59,100,4.4879999999999995,0,0,2,41,2,Moyen
495,11-05-2018,63,100,4.328,0,0,2,37,2,Moyen
496,12-05-2018,11,100,4.296,0,0,2,89,0,Tres bas
497,13-05-2018,64,100,4.712,0,0,2,36,2,Moyen
498,14-05-2018,63,100,4.288,0,0,2,37,2,Moyen
499,15-05-2018,41,100,4.296,0,0,2,59,1,Bas
500,16-05-2018,52,100,4.472,0,0,2,48,2,Moyen
501,17-05-2018,48,100,4.384,0,0,2,52,1,Bas
502,18-05-2018,41,100,4.416,0,0,2,59,1,Bas
503,19-05-2018,15,100,4.472,0,0,2,85,0,Tres bas
504,20-05-2018,64,100,4.68,0,0,2,36,2,Moyen
505,21-05-2018,67,100,4.288,0,0,2,33,2,Moyen
506,22-05-2018,54,100,4.264,0,0,2,46,2,Moyen
507,23-05-2018,37,100,4.368,0,0,2,63,1,Bas
508,24-05-2018,57,100,4.504,0,0,2,43,2,Moyen
509,25-05-2018,61,100,4.344,0,0,2,39,2,Moyen
510,26-05-2018,33,100,4.312,0,0,2,67,1,Bas
511,27-05-2018,66,100,4.536,0,0,2,34,2,Moyen
512,28-05-2018,51,100,4.272,0,0,2,49,2,Moyen
513,29-05-2018,70,100,4.392,0,0,2,30,2,Moyen
514,30-05-2018,58,100,4.24,0,0,2,42,2,Moyen
515,31-05-2018,57,100,4.336,0,0,2,43,2,Moyen
516,01-06-2018,45,100,4.344,0,0,2,55,1,Bas
517,02-06-2018,24,100,4.44,0,0,2,76,0,Tres bas
518,03-06-2018,49,100,4.608,0,0,2,51,1,Bas
519,04-06-2018,50,100,4.408,0,0,2,50,2,Moyen
520,05-06-2018,56,100,4.4,0,0,2,44,2,Moyen
521,06-06-2018,53,100,4.352,0,0,2,47,2,Moyen
522,07-06-2018,41,100,4.376,0,0,2,59,1,Bas
523,08-06-2018,45,100,4.472,0,0,2,55,1,Bas
524,09-06-2018,19,100,4.44,0,0,2,81,0,Tres bas
525,10-06-2018,70,100,4.648,0,0,2,30,2,Moyen
526,11-06-2018,63,100,4.24,0,0,2,37,2,Moyen
527,12-06-2018,49,100,4.296,0,0,2,51,1,Bas
528,13-06-2018,36,100,4.408,0,0,2,64,1,Bas
529,14-06-2018,69,100,4.5120000000000005,0,0,2,31,2,Moyen
530,15-06-2018,63,100,4.248,0,0,2,37,2,Moyen
531,16-06-2018,36,100,4.296,0,0,2,64,1,Bas
532,17-06-2018,65,100,4.5120000000000005,0,0,2,35,2,Moyen
533,18-06-2018,52,100,4.28,0,0,2,48,2,Moyen
534,19-06-2018,41,100,4.384,0,0,2,59,1,Bas
535,20-06-2018,31,100,4.472,0,0,2,69,1,Bas
536,21-06-2018,57,100,4.552,0,0,2,43,2,Moyen
537,22-06-2018,47,100,4.344,0,0,2,53,1,Bas
538,23-06-2018,39,100,4.424,0,0,2,61,1,Bas
539,24-06-2018,50,100,4.4879999999999995,0,0,2,50,2,Moyen
540,25-06-2018,67,100,4.4,0,0,2,33,2,Moyen
541,26-06-2018,42,100,4.264,0,0,2,58,1,Bas
542,27-06-2018,36,100,4.464,0,0,2,64,1,Bas
543,28-06-2018,58,100,4.5120000000000005,0,0,2,42,2,Moyen
544,29-06-2018,42,100,4.336,0,0,2,58,1,Bas
545,30-06-2018,24,100,4.464,0,0,2,76,0,Tres bas
546,01-07-2018,66,100,4.608,0,0,2,34,2,Moyen
547,02-07-2018,45,100,4.272,0,0,2,55,1,Bas
548,03-07-2018,69,100,4.44,0,0,2,31,2,Moyen
549,04-07-2018,59,100,4.248,0,0,2,41,2,Moyen
550,05-07-2018,61,100,4.328,0,0,2,39,2,Moyen
551,06-07-2018,43,100,4.312,0,0,2,57,1,Bas
552,07-07-2018,17,100,4.456,0,0,2,83,0,Tres bas
553,08-07-2018,46,100,4.664,0,0,2,54,1,Bas
554,09-07-2018,56,100,4.432,0,0,2,44,2,Moyen
555,10-07-2018,65,100,4.352,0,0,2,35,2,Moyen
556,11-07-2018,43,100,4.28,0,0,2,57,1,Bas
557,12-07-2018,63,100,4.456,0,0,2,37,2,Moyen
558,13-07-2018,61,100,4.296,0,0,2,39,2,Moyen
559,14-07-2018,32,100,4.312,0,0,2,68,1,Bas
560,15-07-2018,53,100,4.5440000000000005,0,0,2,47,2,Moyen
561,16-07-2018,67,100,4.376,0,0,2,33,2,Moyen
562,17-07-2018,47,100,4.264,0,0,2,53,1,Bas
563,18-07-2018,39,100,4.424,0,0,2,61,1,Bas
564,19-07-2018,54,100,4.4879999999999995,0,0,2,46,2,Moyen
565,20-07-2018,54,100,4.368,0,0,2,46,2,Moyen
566,21-07-2018,11,100,4.368,0,0,2,89,0,Tres bas
567,22-07-2018,49,100,4.712,0,0,2,51,1,Bas
568,23-07-2018,43,100,4.408,0,0,2,57,1,Bas
569,24-07-2018,55,100,4.456,0,0,2,45,2,Moyen
570,25-07-2018,33,100,4.36,0,0,2,67,1,Bas
571,26-07-2018,48,100,4.536,0,0,2,52,1,Bas
572,27-07-2018,54,100,4.416,0,0,2,46,2,Moyen
573,28-07-2018,33,100,4.368,0,0,2,67,1,Bas
574,29-07-2018,40,100,4.536,0,0,2,60,1,Bas
575,30-07-2018,56,100,4.48,0,0,2,44,2,Moyen
576,31-07-2018,70,100,4.352,0,0,2,30,2,Moyen
577,01-08-2018,44,100,4.24,0,0,2,56,1,Bas
578,02-08-2018,41,100,4.448,0,0,2,59,1,Bas
579,03-08-2018,47,100,4.472,0,0,2,53,1,Bas
580,04-08-2018,36,100,4.424,0,0,2,64,1,Bas
581,05-08-2018,69,100,4.5120000000000005,0,0,2,31,2,Moyen
582,06-08-2018,69,100,4.248,0,0,2,31,2,Moyen
583,07-08-2018,48,100,4.248,0,0,2,52,1,Bas
584,08-08-2018,58,100,4.416,0,0,2,42,2,Moyen
585,09-08-2018,65,100,4.336,0,0,2,35,2,Moyen
586,10-08-2018,46,100,4.28,0,0,2,54,1,Bas
587,11-08-2018,28,100,4.432,0,0,2,72,1,Bas
588,12-08-2018,70,100,4.5760000000000005,0,0,2,30,2,Moyen
589,13-08-2018,59,100,4.24,0,0,2,41,2,Moyen
590,14-08-2018,56,100,4.328,0,0,2,44,2,Moyen
591,15-08-2018,38,100,4.352,0,0,2,62,1,Bas
592,16-08-2018,62,100,4.496,0,0,2,38,2,Moyen
593,17-08-2018,44,100,4.304,0,0,2,56,1,Bas
594,18-08-2018,22,100,4.448,0,0,2,78,0,Tres bas
595,19-08-2018,47,100,4.624,0,0,2,53,1,Bas
596,20-08-2018,40,100,4.424,0,0,2,60,1,Bas
597,21-08-2018,56,100,4.48,0,0,2,44,2,Moyen
598,22-08-2018,58,100,4.352,0,0,2,42,2,Moyen
599,23-08-2018,44,100,4.336,0,0,2,56,1,Bas
600,24-08-2018,41,100,4.448,0,0,2,59,1,Bas
601,25-08-2018,23,100,4.472,0,0,2,77,0,Tres bas
602,26-08-2018,63,100,4.616,0,0,2,37,2,Moyen
603,27-08-2018,50,100,4.296,0,0,2,50,2,Moyen
604,28-08-2018,64,100,4.4,0,0,2,36,2,Moyen
605,29-08-2018,31,100,4.288,0,0,2,69,1,Bas
606,30-08-2018,65,100,4.552,0,0,2,35,2,Moyen
607,31-08-2018,70,100,4.28,0,0,2,30,2,Moyen
608,01-09-2018,32,100,4.24,0,0,2,68,1,Bas
609,02-09-2018,50,100,4.5440000000000005,0,0,2,50,2,Moyen
610,03-09-2018,60,100,4.4,0,0,2,40,2,Moyen
611,04-09-2018,69,100,4.32,0,0,2,31,2,Moyen
612,05-09-2018,44,100,4.248,0,0,2,56,1,Bas
613,06-09-2018,62,100,4.448,0,0,2,38,2,Moyen
614,07-09-2018,50,100,4.304,0,0,2,50,2,Moyen
615,08-09-2018,23,100,4.4,0,0,2,77,0,Tres bas
616,09-09-2018,62,100,4.616,0,0,2,38,2,Moyen
617,10-09-2018,56,100,4.304,0,0,2,44,2,Moyen
618,11-09-2018,41,100,4.352,0,0,2,59,1,Bas
619,12-09-2018,58,100,4.472,0,0,2,42,2,Moyen
620,13-09-2018,60,100,4.336,0,0,2,40,2,Moyen
621,14-09-2018,60,100,4.32,0,0,2,40,2,Moyen
622,15-09-2018,17,100,4.32,0,0,2,83,0,Tres bas
623,16-09-2018,53,100,4.664,0,0,2,47,2,Moyen
624,17-09-2018,56,100,4.376,0,0,2,44,2,Moyen
625,18-09-2018,55,100,4.352,0,0,2,45,2,Moyen
626,19-09-2018,56,100,4.36,0,0,2,44,2,Moyen
627,20-09-2018,46,100,4.352,0,0,2,54,1,Bas
628,21-09-2018,56,100,4.432,0,0,2,44,2,Moyen
629,22-09-2018,25,100,4.352,0,0,2,75,1,Bas
630,23-09-2018,68,100,4.6,0,0,2,32,2,Moyen
631,24-09-2018,47,100,4.256,0,0,2,53,1,Bas
632,25-09-2018,67,100,4.424,0,0,2,33,2,Moyen
633,26-09-2018,47,100,4.264,0,0,2,53,1,Bas
634,27-09-2018,58,100,4.424,0,0,2,42,2,Moyen
635,28-09-2018,61,100,4.336,0,0,2,39,2,Moyen
636,29-09-2018,18,100,4.312,0,0,2,82,0,Tres bas
637,30-09-2018,56,100,4.656,0,0,2,44,2,Moyen
638,01-10-2018,58,100,4.352,0,0,2,42,2,Moyen
639,02-10-2018,63,100,4.336,0,0,2,37,2,Moyen
640,03-10-2018,46,100,4.296,0,0,2,54,1,Bas
641,04-10-2018,54,100,4.432,0,0,2,46,2,Moyen
642,05-10-2018,65,100,4.368,0,0,2,35,2,Moyen
643,06-10-2018,17,100,4.28,0,0,2,83,0,Tres bas
644,07-10-2018,54,100,4.664,0,0,2,46,2,Moyen
645,08-10-2018,57,100,4.368,0,0,2,43,2,Moyen
646,09-10-2018,66,100,4.344,0,0,2,34,2,Moyen
647,10-10-2018,45,100,4.272,0,0,2,55,1,Bas
648,11-10-2018,61,100,4.44,0,0,2,39,2,Moyen
649,12-10-2018,52,100,4.312,0,0,2,48,2,Moyen
650,13-10-2018,37,100,4.384,0,0,2,63,1,Bas
651,14-10-2018,50,100,4.504,0,0,2,50,2,Moyen
652,15-10-2018,64,100,4.4,0,0,2,36,2,Moyen
653,16-10-2018,46,100,4.288,0,0,2,54,1,Bas
654,17-10-2018,60,100,4.432,0,0,2,40,2,Moyen
655,18-10-2018,50,100,4.32,0,0,2,50,2,Moyen
656,19-10-2018,45,100,4.4,0,0,2,55,1,Bas
657,20-10-2018,30,100,4.44,0,0,2,70,1,Bas
658,21-10-2018,67,100,4.5600000000000005,0,0,2,33,2,Moyen
659,22-10-2018,41,100,4.264,0,0,2,59,1,Bas
660,23-10-2018,54,100,4.472,0,0,2,46,2,Moyen
661,24-10-2018,49,100,4.368,0,0,2,51,1,Bas
662,25-10-2018,47,100,4.408,0,0,2,53,1,Bas
663,26-10-2018,43,100,4.424,0,0,2,57,1,Bas
664,27-10-2018,27,100,4.456,0,0,2,73,1,Bas
665,28-10-2018,67,100,4.584,0,0,2,33,2,Moyen
666,29-10-2018,40,100,4.264,0,0,2,60,1,Bas
667,30-10-2018,45,100,4.48,0,0,2,55,1,Bas
668,31-10-2018,35,100,4.44,0,0,2,65,1,Bas
669,01-11-2018,60,100,4.52,0,0,2,40,2,Moyen
670,02-11-2018,58,100,4.32,0,0,2,42,2,Moyen
671,03-11-2018,17,100,4.336,0,0,2,83,0,Tres bas
672,04-11-2018,40,100,4.664,0,0,2,60,1,Bas
673,05-11-2018,67,100,4.48,0,0,2,33,2,Moyen
674,06-11-2018,60,100,4.264,0,0,2,40,2,Moyen
675,07-11-2018,60,100,4.32,0,0,2,40,2,Moyen
676,08-11-2018,63,100,4.32,0,0,2,37,2,Moyen
677,09-11-2018,43,100,4.296,0,0,2,57,1,Bas
678,10-11-2018,10,100,4.456,0,0,2,90,0,Tres bas
679,11-11-2018,52,100,4.72,0,0,2,48,2,Moyen
680,12-11-2018,48,100,4.384,0,0,2,52,1,Bas
681,13-11-2018,50,100,4.416,0,0,2,50,2,Moyen
682,14-11-2018,42,100,4.4,0,0,2,58,1,Bas
683,15-11-2018,65,100,4.464,0,0,2,35,2,Moyen
684,16-11-2018,51,100,4.28,0,0,2,49,2,Moyen
685,17-11-2018,18,100,4.392,0,0,2,82,0,Tres bas
686,18-11-2018,52,100,4.656,0,0,2,48,2,Moyen
687,19-11-2018,48,100,4.384,0,0,2,52,1,Bas
688,20-11-2018,49,100,4.416,0,0,2,51,1,Bas
689,21-11-2018,44,100,4.408,0,0,2,56,1,Bas
690,22-11-2018,45,100,4.448,0,0,2,55,1,Bas
691,23-11-2018,59,100,4.44,0,0,2,41,2,Moyen
692,24-11-2018,24,100,4.328,0,0,2,76,0,Tres bas
693,25-11-2018,66,100,4.608,0,0,2,34,2,Moyen
694,26-11-2018,55,100,4.272,0,0,2,45,2,Moyen
695,27-11-2018,61,100,4.36,0,0,2,39,2,Moyen
696,28-11-2018,39,100,4.312,0,0,2,61,1,Bas
697,29-11-2018,42,100,4.4879999999999995,0,0,2,58,1,Bas
698,30-11-2018,61,100,4.464,0,0,2,39,2,Moyen
699,01-12-2018,21,100,4.312,0,0,2,79,0,Tres bas
700,02-12-2018,66,100,4.632,0,0,2,34,2,Moyen
701,03-12-2018,42,100,4.272,0,0,2,58,1,Bas
702,04-12-2018,55,100,4.464,0,0,2,45,2,Moyen
703,05-12-2018,34,100,4.36,0,0,2,66,1,Bas
704,06-12-2018,55,100,4.5280000000000005,0,0,2,45,2,Moyen
705,07-12-2018,62,100,4.36,0,0,2,38,2,Moyen
706,08-12-2018,19,100,4.304,0,0,2,81,0,Tres bas
707,09-12-2018,58,100,4.648,0,0,2,42,2,Moyen
708,10-12-2018,48,100,4.336,0,0,2,52,1,Bas
709,11-12-2018,43,100,4.416,0,0,2,57,1,Bas
710,12-12-2018,41,100,4.456,0,0,2,59,1,Bas
711,13-12-2018,53,100,4.472,0,0,2,47,2,Moyen
712,14-12-2018,50,100,4.376,0,0,2,50,2,Moyen
713,15-12-2018,20,100,4.4,0,0,2,80,0,Tres bas
714,16-12-2018,70,100,4.64,0,0,2,30,2,Moyen
715,17-12-2018,62,100,4.24,0,0,2,38,2,Moyen
716,18-12-2018,65,100,4.304,0,0,2,35,2,Moyen
717,19-12-2018,59,100,4.28,0,0,2,41,2,Moyen
718,20-12-2018,54,100,4.328,0,0,2,46,2,Moyen
719,21-12-2018,63,100,4.368,0,0,2,37,2,Moyen
720,22-12-2018,23,100,4.296,0,0,2,77,0,Tres bas
721,23-12-2018,48,100,4.616,0,0,2,52,1,Bas
722,24-12-2018,70,100,4.416,0,0,2,30,2,Moyen
723,25-12-2018,41,100,4.24,0,0,2,59,1,Bas
724,26-12-2018,59,100,4.472,0,0,2,41,2,Moyen
725,27-12-2018,57,100,4.328,0,0,2,43,2,Moyen
726,28-12-2018,66,100,4.344,0,0,2,34,2,Moyen
727,29-12-2018,31,100,4.272,0,0,2,69,1,Bas
728,30-12-2018,63,100,4.552,0,0,2,37,2,Moyen
729,31-12-2018,65,100,4.296,0,0,2,35,2,Moyen
730,01-01-2018,52,100,6.955,0,0,3,48,2,Moyen
731,02-01-2018,44,100,7.1240000000000006,0,0,3,56,1,Bas
732,03-01-2018,42,100,7.228000000000001,0,0,3,58,1,Bas
733,04-01-2018,58,100,7.2540000000000004,0,0,3,42,2,Moyen
734,05-01-2018,60,100,7.046,0,0,3,40,2,Moyen
735,06-01-2018,36,100,7.0200000000000005,0,0,3,64,1,Bas
736,07-01-2018,45,100,7.332000000000001,0,0,3,55,1,Bas
737,08-01-2018,59,100,7.215000000000001,0,0,3,41,2,Moyen
738,09-01-2018,54,100,7.033,0,0,3,46,2,Moyen
739,10-01-2018,37,100,7.098000000000001,0,0,3,63,1,Bas
740,11-01-2018,59,100,7.318999999999999,0,0,3,41,2,Moyen
741,12-01-2018,44,100,7.033,0,0,3,56,1,Bas
742,13-01-2018,29,100,7.228000000000001,0,0,3,71,1,Bas
743,14-01-2018,58,100,7.422999999999999,0,0,3,42,2,Moyen
744,15-01-2018,47,100,7.046,0,0,3,53,1,Bas
745,16-01-2018,43,100,7.189000000000001,0,0,3,57,1,Bas
746,17-01-2018,41,100,7.2410000000000005,0,0,3,59,1,Bas
747,18-01-2018,63,100,7.267,0,0,3,37,2,Moyen
748,19-01-2018,67,100,6.981000000000001,0,0,3,33,2,Moyen
749,20-01-2018,40,100,6.929,0,0,3,60,1,Bas
750,21-01-2018,51,100,7.280000000000001,0,0,3,49,2,Moyen
751,22-01-2018,48,100,7.1370000000000005,0,0,3,52,1,Bas
752,23-01-2018,69,100,7.176,0,0,3,31,2,Moyen
753,24-01-2018,38,100,6.9030000000000005,0,0,3,62,1,Bas
754,25-01-2018,61,100,7.306000000000001,0,0,3,39,2,Moyen
755,26-01-2018,46,100,7.007000000000001,0,0,3,54,1,Bas
756,27-01-2018,18,100,7.202000000000001,0,0,3,82,0,Tres bas
757,28-01-2018,56,100,7.566,0,0,3,44,2,Moyen
758,29-01-2018,68,100,7.072000000000001,0,0,3,32,2,Moyen
759,30-01-2018,42,100,6.916,0,0,3,58,1,Bas
760,31-01-2018,35,100,7.2540000000000004,0,0,3,65,1,Bas
761,01-02-2018,48,100,7.344999999999999,0,0,3,52,1,Bas
762,02-02-2018,54,100,7.176,0,0,3,46,2,Moyen
763,03-02-2018,38,100,7.098000000000001,0,0,3,62,1,Bas
764,04-02-2018,42,100,7.306000000000001,0,0,3,58,1,Bas
765,05-02-2018,57,100,7.2540000000000004,0,0,3,43,2,Moyen
766,06-02-2018,70,100,7.059,0,0,3,30,2,Moyen
767,07-02-2018,44,100,6.890000000000001,0,0,3,56,1,Bas
768,08-02-2018,41,100,7.228000000000001,0,0,3,59,1,Bas
769,09-02-2018,52,100,7.267,0,0,3,48,2,Moyen
770,10-02-2018,14,100,7.1240000000000006,0,0,3,86,0,Tres bas
771,11-02-2018,49,100,7.617999999999999,0,0,3,51,1,Bas
772,12-02-2018,58,100,7.163,0,0,3,42,2,Moyen
773,13-02-2018,40,100,7.046,0,0,3,60,1,Bas
774,14-02-2018,42,100,7.280000000000001,0,0,3,58,1,Bas
775,15-02-2018,70,100,7.2540000000000004,0,0,3,30,2,Moyen
776,16-02-2018,65,100,6.890000000000001,0,0,3,35,2,Moyen
777,17-02-2018,37,100,6.955,0,0,3,63,1,Bas
778,18-02-2018,63,100,7.318999999999999,0,0,3,37,2,Moyen
779,19-02-2018,65,100,6.981000000000001,0,0,3,35,2,Moyen
780,20-02-2018,52,100,6.955,0,0,3,48,2,Moyen
781,21-02-2018,33,100,7.1240000000000006,0,0,3,67,1,Bas
782,22-02-2018,52,100,7.3709999999999996,0,0,3,48,2,Moyen
783,23-02-2018,69,100,7.1240000000000006,0,0,3,31,2,Moyen
784,24-02-2018,22,100,6.9030000000000005,0,0,3,78,0,Tres bas
785,25-02-2018,55,100,7.513999999999999,0,0,3,45,2,Moyen
786,26-02-2018,49,100,7.085000000000001,0,0,3,51,1,Bas
787,27-02-2018,55,100,7.163,0,0,3,45,2,Moyen
788,28-02-2018,48,100,7.085000000000001,0,0,3,52,1,Bas
789,01-03-2018,70,100,7.176,0,0,3,30,2,Moyen
790,02-03-2018,62,100,6.890000000000001,0,0,3,38,2,Moyen
791,03-03-2018,10,100,6.994000000000001,0,0,3,90,0,Tres bas
792,04-03-2018,47,100,7.67,0,0,3,53,1,Bas
793,05-03-2018,68,100,7.189000000000001,0,0,3,32,2,Moyen
794,06-03-2018,55,100,6.916,0,0,3,45,2,Moyen
795,07-03-2018,50,100,7.085000000000001,0,0,3,50,2,Moyen
796,08-03-2018,40,100,7.15,0,0,3,60,1,Bas
797,09-03-2018,45,100,7.280000000000001,0,0,3,55,1,Bas
798,10-03-2018,29,100,7.215000000000001,0,0,3,71,1,Bas
799,11-03-2018,68,100,7.422999999999999,0,0,3,32,2,Moyen
800,12-03-2018,50,100,6.916,0,0,3,50,2,Moyen
801,13-03-2018,69,100,7.15,0,0,3,31,2,Moyen
802,14-03-2018,46,100,6.9030000000000005,0,0,3,54,1,Bas
803,15-03-2018,49,100,7.202000000000001,0,0,3,51,1,Bas
804,16-03-2018,52,100,7.163,0,0,3,48,2,Moyen
805,17-03-2018,36,100,7.1240000000000006,0,0,3,64,1,Bas
806,18-03-2018,58,100,7.332000000000001,0,0,3,42,2,Moyen
807,19-03-2018,64,100,7.046,0,0,3,36,2,Moyen
808,20-03-2018,50,100,6.968,0,0,3,50,2,Moyen
809,21-03-2018,33,100,7.15,0,0,3,67,1,Bas
810,22-03-2018,58,100,7.3709999999999996,0,0,3,42,2,Moyen
811,23-03-2018,44,100,7.046,0,0,3,56,1,Bas
812,24-03-2018,15,100,7.228000000000001,0,0,3,85,0,Tres bas
813,25-03-2018,47,100,7.6049999999999995,0,0,3,53,1,Bas
814,26-03-2018,43,100,7.189000000000001,0,0,3,57,1,Bas
815,27-03-2018,58,100,7.2410000000000005,0,0,3,42,2,Moyen
816,28-03-2018,55,100,7.046,0,0,3,45,2,Moyen
817,29-03-2018,65,100,7.085000000000001,0,0,3,35,2,Moyen
818,30-03-2018,54,100,6.955,0,0,3,46,2,Moyen
819,31-03-2018,22,100,7.098000000000001,0,0,3,78,0,Tres bas
820,01-04-2018,42,100,7.513999999999999,0,0,3,58,1,Bas
821,02-04-2018,70,100,7.2540000000000004,0,0,3,30,2,Moyen
822,03-04-2018,52,100,6.890000000000001,0,0,3,48,2,Moyen
823,04-04-2018,56,100,7.1240000000000006,0,0,3,44,2,Moyen
824,05-04-2018,63,100,7.072000000000001,0,0,3,37,2,Moyen
825,06-04-2018,50,100,6.981000000000001,0,0,3,50,2,Moyen
826,07-04-2018,21,100,7.15,0,0,3,79,0,Tres bas
827,08-04-2018,55,100,7.526999999999999,0,0,3,45,2,Moyen
828,09-04-2018,62,100,7.085000000000001,0,0,3,38,2,Moyen
829,10-04-2018,69,100,6.994000000000001,0,0,3,31,2,Moyen
830,11-04-2018,49,100,6.9030000000000005,0,0,3,51,1,Bas
831,12-04-2018,53,100,7.163,0,0,3,47,2,Moyen
832,13-04-2018,65,100,7.111000000000001,0,0,3,35,2,Moyen
833,14-04-2018,17,100,6.955,0,0,3,83,0,Tres bas
834,15-04-2018,66,100,7.579,0,0,3,34,2,Moyen
835,16-04-2018,50,100,6.942,0,0,3,50,2,Moyen
836,17-04-2018,43,100,7.15,0,0,3,57,1,Bas
837,18-04-2018,42,100,7.2410000000000005,0,0,3,58,1,Bas
838,19-04-2018,48,100,7.2540000000000004,0,0,3,52,1,Bas
839,20-04-2018,56,100,7.176,0,0,3,44,2,Moyen
840,21-04-2018,23,100,7.072000000000001,0,0,3,77,0,Tres bas
841,22-04-2018,54,100,7.5009999999999994,0,0,3,46,2,Moyen
842,23-04-2018,41,100,7.098000000000001,0,0,3,59,1,Bas
843,24-04-2018,43,100,7.267,0,0,3,57,1,Bas
844,25-04-2018,41,100,7.2410000000000005,0,0,3,59,1,Bas
845,26-04-2018,70,100,7.267,0,0,3,30,2,Moyen
846,27-04-2018,54,100,6.890000000000001,0,0,3,46,2,Moyen
847,28-04-2018,16,100,7.098000000000001,0,0,3,84,0,Tres bas
848,29-04-2018,68,100,7.592,0,0,3,32,2,Moyen
849,30-04-2018,46,100,6.916,0,0,3,54,1,Bas
850,01-05-2018,49,100,7.202000000000001,0,0,3,51,1,Bas
851,02-05-2018,56,100,7.163,0,0,3,44,2,Moyen
852,03-05-2018,63,100,7.072000000000001,0,0,3,37,2,Moyen
853,04-05-2018,67,100,6.981000000000001,0,0,3,33,2,Moyen
854,05-05-2018,36,100,6.929,0,0,3,64,1,Bas
855,06-05-2018,49,100,7.332000000000001,0,0,3,51,1,Bas
856,07-05-2018,65,100,7.163,0,0,3,35,2,Moyen
857,08-05-2018,58,100,6.955,0,0,3,42,2,Moyen
858,09-05-2018,40,100,7.046,0,0,3,60,1,Bas
859,10-05-2018,65,100,7.280000000000001,0,0,3,35,2,Moyen
860,11-05-2018,56,100,6.955,0,0,3,44,2,Moyen
861,12-05-2018,34,100,7.072000000000001,0,0,3,66,1,Bas
862,13-05-2018,56,100,7.3580000000000005,0,0,3,44,2,Moyen
863,14-05-2018,60,100,7.072000000000001,0,0,3,40,2,Moyen
864,15-05-2018,46,100,7.0200000000000005,0,0,3,54,1,Bas
865,16-05-2018,53,100,7.202000000000001,0,0,3,47,2,Moyen
866,17-05-2018,55,100,7.111000000000001,0,0,3,45,2,Moyen
867,18-05-2018,56,100,7.085000000000001,0,0,3,44,2,Moyen
868,19-05-2018,25,100,7.072000000000001,0,0,3,75,1,Bas
869,20-05-2018,58,100,7.475,0,0,3,42,2,Moyen
870,21-05-2018,70,100,7.046,0,0,3,30,2,Moyen
871,22-05-2018,43,100,6.890000000000001,0,0,3,57,1,Bas
872,23-05-2018,38,100,7.2410000000000005,0,0,3,62,1,Bas
873,24-05-2018,47,100,7.306000000000001,0,0,3,53,1,Bas
874,25-05-2018,69,100,7.189000000000001,0,0,3,31,2,Moyen
875,26-05-2018,27,100,6.9030000000000005,0,0,3,73,1,Bas
876,27-05-2018,59,100,7.449,0,0,3,41,2,Moyen
877,28-05-2018,69,100,7.033,0,0,3,31,2,Moyen
878,29-05-2018,56,100,6.9030000000000005,0,0,3,44,2,Moyen
879,30-05-2018,59,100,7.072000000000001,0,0,3,41,2,Moyen
880,31-05-2018,65,100,7.033,0,0,3,35,2,Moyen
881,01-06-2018,54,100,6.955,0,0,3,46,2,Moyen
882,02-06-2018,29,100,7.098000000000001,0,0,3,71,1,Bas
883,03-06-2018,42,100,7.422999999999999,0,0,3,58,1,Bas
884,04-06-2018,47,100,7.2540000000000004,0,0,3,53,1,Bas
885,05-06-2018,63,100,7.189000000000001,0,0,3,37,2,Moyen
886,06-06-2018,41,100,6.981000000000001,0,0,3,59,1,Bas
887,07-06-2018,70,100,7.267,0,0,3,30,2,Moyen
888,08-06-2018,64,100,6.890000000000001,0,0,3,36,2,Moyen
889,09-06-2018,30,100,6.968,0,0,3,70,1,Bas
890,10-06-2018,49,100,7.410000000000001,0,0,3,51,1,Bas
891,11-06-2018,52,100,7.163,0,0,3,48,2,Moyen
892,12-06-2018,48,100,7.1240000000000006,0,0,3,52,1,Bas
893,13-06-2018,59,100,7.176,0,0,3,41,2,Moyen
894,14-06-2018,46,100,7.033,0,0,3,54,1,Bas
895,15-06-2018,48,100,7.202000000000001,0,0,3,52,1,Bas
896,16-06-2018,12,100,7.176,0,0,3,88,0,Tres bas
897,17-06-2018,46,100,7.643999999999999,0,0,3,54,1,Bas
898,18-06-2018,47,100,7.202000000000001,0,0,3,53,1,Bas
899,19-06-2018,42,100,7.189000000000001,0,0,3,58,1,Bas
900,20-06-2018,41,100,7.2540000000000004,0,0,3,59,1,Bas
901,21-06-2018,47,100,7.267,0,0,3,53,1,Bas
902,22-06-2018,49,100,7.189000000000001,0,0,3,51,1,Bas
903,23-06-2018,40,100,7.163,0,0,3,60,1,Bas
904,24-06-2018,54,100,7.280000000000001,0,0,3,46,2,Moyen
905,25-06-2018,49,100,7.098000000000001,0,0,3,51,1,Bas
906,26-06-2018,67,100,7.163,0,0,3,33,2,Moyen
907,27-06-2018,30,100,6.929,0,0,3,70,1,Bas
908,28-06-2018,41,100,7.410000000000001,0,0,3,59,1,Bas
909,29-06-2018,46,100,7.267,0,0,3,54,1,Bas
910,30-06-2018,21,100,7.202000000000001,0,0,3,79,0,Tres bas
911,01-07-2018,63,100,7.526999999999999,0,0,3,37,2,Moyen
912,02-07-2018,55,100,6.981000000000001,0,0,3,45,2,Moyen
913,03-07-2018,49,100,7.085000000000001,0,0,3,51,1,Bas
914,04-07-2018,36,100,7.163,0,0,3,64,1,Bas
915,05-07-2018,58,100,7.332000000000001,0,0,3,42,2,Moyen
916,06-07-2018,69,100,7.046,0,0,3,31,2,Moyen
917,07-07-2018,18,100,6.9030000000000005,0,0,3,82,0,Tres bas
918,08-07-2018,64,100,7.566,0,0,3,36,2,Moyen
919,09-07-2018,49,100,6.968,0,0,3,51,1,Bas
920,10-07-2018,69,100,7.163,0,0,3,31,2,Moyen
921,11-07-2018,47,100,6.9030000000000005,0,0,3,53,1,Bas
922,12-07-2018,66,100,7.189000000000001,0,0,3,34,2,Moyen
923,13-07-2018,59,100,6.942,0,0,3,41,2,Moyen
924,14-07-2018,40,100,7.033,0,0,3,60,1,Bas
925,15-07-2018,55,100,7.280000000000001,0,0,3,45,2,Moyen
926,16-07-2018,63,100,7.085000000000001,0,0,3,37,2,Moyen
927,17-07-2018,40,100,6.981000000000001,0,0,3,60,1,Bas
928,18-07-2018,30,100,7.280000000000001,0,0,3,70,1,Bas
929,19-07-2018,46,100,7.410000000000001,0,0,3,54,1,Bas
930,20-07-2018,44,100,7.202000000000001,0,0,3,56,1,Bas
931,21-07-2018,23,100,7.228000000000001,0,0,3,77,0,Tres bas
932,22-07-2018,42,100,7.5009999999999994,0,0,3,58,1,Bas
933,23-07-2018,69,100,7.2540000000000004,0,0,3,31,2,Moyen
934,24-07-2018,60,100,6.9030000000000005,0,0,3,40,2,Moyen
935,25-07-2018,52,100,7.0200000000000005,0,0,3,48,2,Moyen
936,26-07-2018,50,100,7.1240000000000006,0,0,3,50,2,Moyen
937,27-07-2018,66,100,7.15,0,0,3,34,2,Moyen
938,28-07-2018,28,100,6.942,0,0,3,72,1,Bas
939,29-07-2018,53,100,7.436000000000001,0,0,3,47,2,Moyen
940,30-07-2018,67,100,7.111000000000001,0,0,3,33,2,Moyen
941,31-07-2018,41,100,6.929,0,0,3,59,1,Bas
942,01-08-2018,56,100,7.267,0,0,3,44,2,Moyen
943,02-08-2018,40,100,7.072000000000001,0,0,3,60,1,Bas
944,03-08-2018,55,100,7.280000000000001,0,0,3,45,2,Moyen
945,04-08-2018,32,100,7.085000000000001,0,0,3,68,1,Bas
946,05-08-2018,69,100,7.384,0,0,3,31,2,Moyen
947,06-08-2018,52,100,6.9030000000000005,0,0,3,48,2,Moyen
948,07-08-2018,53,100,7.1240000000000006,0,0,3,47,2,Moyen
949,08-08-2018,45,100,7.111000000000001,0,0,3,55,1,Bas
950,09-08-2018,46,100,7.215000000000001,0,0,3,54,1,Bas
951,10-08-2018,64,100,7.202000000000001,0,0,3,36,2,Moyen
952,11-08-2018,37,100,6.968,0,0,3,63,1,Bas
953,12-08-2018,62,100,7.318999999999999,0,0,3,38,2,Moyen
954,13-08-2018,45,100,6.994000000000001,0,0,3,55,1,Bas
955,14-08-2018,43,100,7.215000000000001,0,0,3,57,1,Bas
956,15-08-2018,59,100,7.2410000000000005,0,0,3,41,2,Moyen
957,16-08-2018,54,100,7.033,0,0,3,46,2,Moyen
958,17-08-2018,49,100,7.098000000000001,0,0,3,51,1,Bas
959,18-08-2018,37,100,7.163,0,0,3,63,1,Bas
960,19-08-2018,40,100,7.318999999999999,0,0,3,60,1,Bas
961,20-08-2018,60,100,7.280000000000001,0,0,3,40,2,Moyen
962,21-08-2018,52,100,7.0200000000000005,0,0,3,48,2,Moyen
963,22-08-2018,54,100,7.1240000000000006,0,0,3,46,2,Moyen
964,23-08-2018,55,100,7.098000000000001,0,0,3,45,2,Moyen
965,24-08-2018,69,100,7.085000000000001,0,0,3,31,2,Moyen
966,25-08-2018,11,100,6.9030000000000005,0,0,3,89,0,Tres bas
967,26-08-2018,43,100,7.657,0,0,3,57,1,Bas
968,27-08-2018,67,100,7.2410000000000005,0,0,3,33,2,Moyen
969,28-08-2018,65,100,6.929,0,0,3,35,2,Moyen
970,29-08-2018,59,100,6.955,0,0,3,41,2,Moyen
971,30-08-2018,68,100,7.033,0,0,3,32,2,Moyen
972,31-08-2018,52,100,6.916,0,0,3,48,2,Moyen
973,01-09-2018,28,100,7.1240000000000006,0,0,3,72,1,Bas
974,02-09-2018,52,100,7.436000000000001,0,0,3,48,2,Moyen
975,03-09-2018,69,100,7.1240000000000006,0,0,3,31,2,Moyen
976,04-09-2018,55,100,6.9030000000000005,0,0,3,45,2,Moyen
977,05-09-2018,52,100,7.085000000000001,0,0,3,48,2,Moyen
978,06-09-2018,50,100,7.1240000000000006,0,0,3,50,2,Moyen
979,07-09-2018,70,100,7.15,0,0,3,30,2,Moyen
980,08-09-2018,33,100,6.890000000000001,0,0,3,67,1,Bas
981,09-09-2018,63,100,7.3709999999999996,0,0,3,37,2,Moyen
982,10-09-2018,60,100,6.981000000000001,0,0,3,40,2,Moyen
983,11-09-2018,62,100,7.0200000000000005,0,0,3,38,2,Moyen
984,12-09-2018,48,100,6.994000000000001,0,0,3,52,1,Bas
985,13-09-2018,43,100,7.176,0,0,3,57,1,Bas
986,14-09-2018,44,100,7.2410000000000005,0,0,3,56,1,Bas
987,15-09-2018,22,100,7.228000000000001,0,0,3,78,0,Tres bas
988,16-09-2018,66,100,7.513999999999999,0,0,3,34,2,Moyen
989,17-09-2018,52,100,6.942,0,0,3,48,2,Moyen
990,18-09-2018,40,100,7.1240000000000006,0,0,3,60,1,Bas
991,19-09-2018,55,100,7.280000000000001,0,0,3,45,2,Moyen
992,20-09-2018,46,100,7.085000000000001,0,0,3,54,1,Bas
993,21-09-2018,69,100,7.202000000000001,0,0,3,31,2,Moyen
994,22-09-2018,29,100,6.9030000000000005,0,0,3,71,1,Bas
995,23-09-2018,45,100,7.422999999999999,0,0,3,55,1,Bas
996,24-09-2018,50,100,7.215000000000001,0,0,3,50,2,Moyen
997,25-09-2018,62,100,7.15,0,0,3,38,2,Moyen
998,26-09-2018,49,100,6.994000000000001,0,0,3,51,1,Bas
999,27-09-2018,44,100,7.163,0,0,3,56,1,Bas
1000,28-09-2018,52,100,7.228000000000001,0,0,3,48,2,Moyen
1001,29-09-2018,26,100,7.1240000000000006,0,0,3,74,1,Bas
1002,30-09-2018,65,100,7.462000000000001,0,0,3,35,2,Moyen
1003,01-10-2018,48,100,6.955,0,0,3,52,1,Bas
1004,02-10-2018,66,100,7.176,0,0,3,34,2,Moyen
1005,03-10-2018,58,100,6.942,0,0,3,42,2,Moyen
1006,04-10-2018,61,100,7.046,0,0,3,39,2,Moyen
1007,05-10-2018,70,100,7.007000000000001,0,0,3,30,2,Moyen
1008,06-10-2018,31,100,6.890000000000001,0,0,3,69,1,Bas
1009,07-10-2018,70,100,7.396999999999999,0,0,3,30,2,Moyen
1010,08-10-2018,46,100,6.890000000000001,0,0,3,54,1,Bas
1011,09-10-2018,51,100,7.202000000000001,0,0,3,49,2,Moyen
1012,10-10-2018,58,100,7.1370000000000005,0,0,3,42,2,Moyen
1013,11-10-2018,50,100,7.046,0,0,3,50,2,Moyen
1014,12-10-2018,40,100,7.15,0,0,3,60,1,Bas
1015,13-10-2018,14,100,7.280000000000001,0,0,3,86,0,Tres bas
1016,14-10-2018,69,100,7.617999999999999,0,0,3,31,2,Moyen
1017,15-10-2018,45,100,6.9030000000000005,0,0,3,55,1,Bas
1018,16-10-2018,49,100,7.215000000000001,0,0,3,51,1,Bas
1019,17-10-2018,47,100,7.163,0,0,3,53,1,Bas
1020,18-10-2018,44,100,7.189000000000001,0,0,3,56,1,Bas
1021,19-10-2018,68,100,7.228000000000001,0,0,3,32,2,Moyen
1022,20-10-2018,32,100,6.916,0,0,3,68,1,Bas
1023,21-10-2018,69,100,7.384,0,0,3,31,2,Moyen
1024,22-10-2018,44,100,6.9030000000000005,0,0,3,56,1,Bas
1025,23-10-2018,44,100,7.228000000000001,0,0,3,56,1,Bas
1026,24-10-2018,46,100,7.228000000000001,0,0,3,54,1,Bas
1027,25-10-2018,65,100,7.202000000000001,0,0,3,35,2,Moyen
1028,26-10-2018,50,100,6.955,0,0,3,50,2,Moyen
1029,27-10-2018,29,100,7.15,0,0,3,71,1,Bas
1030,28-10-2018,51,100,7.422999999999999,0,0,3,49,2,Moyen
1031,29-10-2018,41,100,7.1370000000000005,0,0,3,59,1,Bas
1032,30-10-2018,44,100,7.267,0,0,3,56,1,Bas
1033,31-10-2018,42,100,7.228000000000001,0,0,3,58,1,Bas
1034,01-11-2018,67,100,7.2540000000000004,0,0,3,33,2,Moyen
1035,02-11-2018,48,100,6.929,0,0,3,52,1,Bas
1036,03-11-2018,33,100,7.176,0,0,3,67,1,Bas
1037,04-11-2018,60,100,7.3709999999999996,0,0,3,40,2,Moyen
1038,05-11-2018,69,100,7.0200000000000005,0,0,3,31,2,Moyen
1039,06-11-2018,44,100,6.9030000000000005,0,0,3,56,1,Bas
1040,07-11-2018,34,100,7.228000000000001,0,0,3,66,1,Bas
1041,08-11-2018,46,100,7.3580000000000005,0,0,3,54,1,Bas
1042,09-11-2018,68,100,7.202000000000001,0,0,3,32,2,Moyen
1043,10-11-2018,30,100,6.916,0,0,3,70,1,Bas
1044,11-11-2018,44,100,7.410000000000001,0,0,3,56,1,Bas
1045,12-11-2018,64,100,7.228000000000001,0,0,3,36,2,Moyen
1046,13-11-2018,40,100,6.968,0,0,3,60,1,Bas
1047,14-11-2018,37,100,7.280000000000001,0,0,3,63,1,Bas
1048,15-11-2018,62,100,7.318999999999999,0,0,3,38,2,Moyen
1049,16-11-2018,63,100,6.994000000000001,0,0,3,37,2,Moyen
1050,17-11-2018,33,100,6.981000000000001,0,0,3,67,1,Bas
1051,18-11-2018,41,100,7.3709999999999996,0,0,3,59,1,Bas
1052,19-11-2018,51,100,7.267,0,0,3,49,2,Moyen
1053,20-11-2018,61,100,7.1370000000000005,0,0,3,39,2,Moyen
1054,21-11-2018,45,100,7.007000000000001,0,0,3,55,1,Bas
1055,22-11-2018,61,100,7.215000000000001,0,0,3,39,2,Moyen
1056,23-11-2018,40,100,7.007000000000001,0,0,3,60,1,Bas
1057,24-11-2018,29,100,7.280000000000001,0,0,3,71,1,Bas
1058,25-11-2018,67,100,7.422999999999999,0,0,3,33,2,Moyen
1059,26-11-2018,43,100,6.929,0,0,3,57,1,Bas
1060,27-11-2018,46,100,7.2410000000000005,0,0,3,54,1,Bas
1061,28-11-2018,31,100,7.202000000000001,0,0,3,69,1,Bas
1062,29-11-2018,70,100,7.396999999999999,0,0,3,30,2,Moyen
1063,30-11-2018,57,100,6.890000000000001,0,0,3,43,2,Moyen
1064,01-12-2018,26,100,7.059,0,0,3,74,1,Bas
1065,02-12-2018,49,100,7.462000000000001,0,0,3,51,1,Bas
1066,03-12-2018,46,100,7.163,0,0,3,54,1,Bas
1067,04-12-2018,44,100,7.202000000000001,0,0,3,56,1,Bas
1068,05-12-2018,52,100,7.228000000000001,0,0,3,48,2,Moyen
1069,06-12-2018,55,100,7.1240000000000006,0,0,3,45,2,Moyen
1070,07-12-2018,60,100,7.085000000000001,0,0,3,40,2,Moyen
1071,08-12-2018,36,100,7.0200000000000005,0,0,3,64,1,Bas
1072,09-12-2018,49,100,7.332000000000001,0,0,3,51,1,Bas
1073,10-12-2018,69,100,7.163,0,0,3,31,2,Moyen
1074,11-12-2018,52,100,6.9030000000000005,0,0,3,48,2,Moyen
1075,12-12-2018,57,100,7.1240000000000006,0,0,3,43,2,Moyen
1076,13-12-2018,51,100,7.059,0,0,3,49,2,Moyen
1077,14-12-2018,44,100,7.1370000000000005,0,0,3,56,1,Bas
1078,15-12-2018,16,100,7.228000000000001,0,0,3,84,0,Tres bas
1079,16-12-2018,42,100,7.592,0,0,3,58,1,Bas
1080,17-12-2018,66,100,7.2540000000000004,0,0,3,34,2,Moyen
1081,18-12-2018,70,100,6.942,0,0,3,30,2,Moyen
1082,19-12-2018,32,100,6.890000000000001,0,0,3,68,1,Bas
1083,20-12-2018,62,100,7.384,0,0,3,38,2,Moyen
1084,21-12-2018,70,100,6.994000000000001,0,0,3,30,2,Moyen
1085,22-12-2018,23,100,6.890000000000001,0,0,3,77,0,Tres bas
1086,23-12-2018,58,100,7.5009999999999994,0,0,3,42,2,Moyen
1087,24-12-2018,59,100,7.046,0,0,3,41,2,Moyen
1088,25-12-2018,51,100,7.033,0,0,3,49,2,Moyen
1089,26-12-2018,38,100,7.1370000000000005,0,0,3,62,1,Bas
1090,27-12-2018,46,100,7.306000000000001,0,0,3,54,1,Bas
1091,28-12-2018,40,100,7.202000000000001,0,0,3,60,1,Bas
1092,29-12-2018,35,100,7.280000000000001,0,0,3,65,1,Bas
1093,30-12-2018,54,100,7.344999999999999,0,0,3,46,2,Moyen
1094,31-12-2018,46,100,7.098000000000001,0,0,3,54,1,Bas
